customer_name,customer_id,count,sales,sales_with_tax,custom_fields_list,currency_code,branch_name,billing_state,billing_zipcode,shipping_state,shipping_zipcode
3RD EYE & DIGITALWEIGH,99381000004889001,5,75750.00,89385.00,,INR,"Cochin,Vytila-COK",Chhattisgarh,495677,Chhattisgarh,495677
AASHA ENTERPRISES,99381000005836051,1,27984.70,33022.00,,INR,Cochin,Maharashtra,440015,Maharashtra,442401
ABHYUDAY ENTERPRISE,99381000003992490,2,66500.00,78470.00,,INR,Cochin,Gujarat,380004,Gujarat,382210
ACCESS TECHNOLOGIES,99381000001820570,5,20379.60,24048.00,,INR,"Cochin,Vytila-COK",Telangana,500020,Telangana,500020
ACCURATE ELECTRONICS-COIMBATORE,99381000004229099,7,355900.00,419962.00,,INR,"Cochin,Vytila-COK",Tamil Nadu,641006,Tamil Nadu,641006
ACCURATE SCALES,99381000001345032,2,12748.36,15043.00,,INR,"Cochin,Vytila-COK",Kerala,673638,Kerala,673638
ACCURATE SOLUTIONS,99381000004249003,17,223571.40,263814.00,,INR,"Cochin,Vytila-COK",Tamil Nadu,625001,Tamil Nadu,625001
ACCURATE TRADE LINKS,99381000000114383,138,8511156.34,10065354.00,,INR,"Cochin,Vytila-COK",Kerala,695001,Kerala,695001
ACCUSTRAIN,99381000002166089,2,10769.40,12708.00,,INR,"Cochin,Vytila-COK",Haryana,135001,Haryana,135001
ACE ELECTRONICS,99381000000084508,60,2708240.84,3202193.00,,INR,"Cochin,Vytila-COK",Kerala,673002,Kerala,673002
Aden Scales Weighing systems and Services,99381000003140127,2,26719.40,31529.00,,INR,Cochin,Kerala,670674,Kerala,670674
ADIMALI SCALES,99381000002439359,23,142308.10,167923.00,,INR,"Cochin,Vytila-COK",Kerala,685561,Kerala,685561
AFFAN ENTERPRISES,99381000002696673,3,18570.40,21913.00,,INR,"Cochin,Vytila-COK",Maharashtra,400043,Maharashtra,400043
AGARWAL SCALES,99381000017828348,3,49055.10,57885.00,,INR,Cochin,Rajasthan,301019,Rajasthan,301019
AISWARYA SCALES-KANNUR,99381000003421578,2,20151.82,23779.00,,INR,Cochin,Kerala,670702,Kerala,670702
AKSHARA SCALES,99381000018320170,3,20060.20,23671.00,,INR,"Cochin,Vytila-COK",Telangana,503111,Telangana,503111
AL-NOOR ELECTRONICS,99381000003172883,4,117479.60,138626.00,,INR,"Cochin,Vytila-COK",Maharashtra,421302,Maharashtra,421302
ALFA SYSTEMS-CHALAKKUDY,99381000000017088,7,67007.56,79069.00,,INR,"Cochin,Vytila-COK",Kerala,680699,Kerala,680699
ALIMA TRADERS,99381000009129636,2,11460.20,13523.00,,INR,"Cochin,Vytila-COK",Tamil Nadu,600050,Tamil Nadu,600050
ALTA TECHNOLOGIES,99381000014691064,4,68751.00,81126.00,,INR,"Cochin,Vytila-COK",Telangana,500001,Telangana,500001
ALUVA SCALES,99381000000372006,3,22000.00,25960.00,,INR,"Cochin,Vytila-COK",Kerala,683102,Kerala,683102
ALUVA SCALES INC,99381000000014794,61,780916.02,924384.00,,INR,"Cochin,Vytila-COK",Kerala,683102,Kerala,683102
AMANA INSTRUMENTS,99381000001137001,2,21783.06,25704.00,,INR,Cochin,Kerala,673639,Kerala,673639
AMBA BHAWANI TRADERS,99381000004618029,3,39989.80,47188.00,,INR,"Cochin,Vytila-COK",Maharashtra,415612,Maharashtra,415612
Anjali Digital Balance,99381000001537250,3,92766.04,109464.00,,INR,Cochin,West Bengal,722141,West Bengal,722141
ANNAI AUTOMATIONS,99381000009027037,2,73260.20,86447.00,,INR,Cochin,Puducherry,605001,Puducherry,605001
ANNAI METAL,99381000004866115,14,1252180.60,1477573.00,,INR,"Cochin,Vytila-COK",Tamil Nadu,600118,Tamil Nadu,600118
Annanya Industrial Equipments,99381000001505642,24,269681.10,318224.00,,INR,"Cochin,Vytila-COK",Haryana,122001,Haryana,122001
ANOVA Innovative Solutions,99381000000810169,2,27355.10,32279.00,,INR,"Cochin,Vytila-COK",Kerala,673638,Kerala,673638
ANUGRAHA ENTERPRISES,99381000010962026,3,37434.70,44173.00,,INR,"Cochin,Vytila-COK",Karnataka,570016,Karnataka,570016
Aradhya Enterprise,99381000002852037,3,118533.88,139870.00,,INR,Cochin,West Bengal,721301,West Bengal,721301
ARJUN'S POWERTECH,99381000012614034,3,36268.76,42797.00,,INR,Cochin,Kerala,688540,Kerala,688540
AROKYA METAL,99381000007466040,2,454000.00,535720.00,,INR,Cochin,Tamil Nadu,600021,Tamil Nadu,600021
ARSHED & SONS,99381000007507003,6,90210.02,106448.00,,INR,"Cochin,Vytila-COK",Jammu and Kashmir,193502,Jammu and Kashmir,193502
ARYA SALES,99381000009471026,4,78281.24,92372.00,,INR,Cochin,Maharashtra,416008,Maharashtra,416008
ARYA SCALES - CALICUT,99381000004224116,4,65774.68,77614.00,,INR,"Cochin,Vytila-COK",Kerala,673004,Kerala,673004
ASIAN SCALE INDUSTRIES,99381000015973001,1,30220.40,35660.00,,INR,Cochin,Tamil Nadu,626108,Tamil Nadu,626108
ATMA TECHNOLOGIES,99381000001116152,1,10320.40,12178.00,,INR,Cochin,Tamil Nadu,600026,Tamil Nadu,600026
Auto cal scales & Systems,99381000002757272,3,18530.60,21866.00,,INR,"Cochin,Vytila-COK",Delhi,110064,Delhi,110064
AVENUE AGENCIES,99381000019624099,1,32207.56,38005.00,,INR,Cochin,Karnataka,560002,Karnataka,560002
Axis International Corporation,99381000004101127,1,27100.00,31978.00,,INR,Cochin,West Bengal,700037,West Bengal,700037
AYSHAS WEIGHING INDUSTRY,99381000009347127,5,62269.40,73478.00,,INR,Cochin,Kerala,673572,Kerala,673572
"B MALLANNA & CO,.",99381000018047101,6,167932.24,198160.00,,INR,Cochin,Karnataka,570001,Karnataka,570001
BALAJI ENGINEERING COMPANY,99381000014380001,1,8760.20,10337.00,,INR,Cochin,Karnataka,585101,Karnataka,585101
BALANCE BAZAR,99381000018377021,1,9298.36,10972.00,,INR,Cochin,Kerala,690548,Kerala,690548
Base Technologies,99381000004162907,3,74467.76,87872.00,,INR,Cochin,Kerala,679321,Kerala,679321
BEETA SCALES,99381000001702591,1,4815.30,5682.00,,INR,Cochin,Kerala,673591,Kerala,673591
BENSON WEIGHING SYSTEMS,99381000006350005,3,18589.80,21936.00,,INR,Cochin,Tamil Nadu,625009,Tamil Nadu,625009
best weigh technologies,99381000004983332,1,11035.52,13022.00,,INR,Cochin,Kerala,673002,Kerala,673002
BHARAT SCALE,99381000013607003,8,131375.50,155023.00,,INR,"Cochin,Vytila-COK",Kerala,680309,Kerala,680309
Bharath Scale-Kasargod,99381000001357152,2,19385.52,22875.00,,INR,Cochin,Kerala,671314,Kerala,671314
BHAVANI SCALES,99381000014891003,2,62160.20,73349.00,,INR,Cochin,Tamil Nadu,638311,Tamil Nadu,638311
BLUE STAR WEIGHING SCALE,99381000015451026,17,645126.55,761249.00,,INR,"Cochin,Vytila-COK",Telangana,500036,Telangana,500036
BRIGHT ELECTRONICS,99381000006807534,8,217145.08,256231.00,,INR,"Cochin,Vytila-COK",Tamil Nadu,625012,Tamil Nadu,625012
C.Manikkam Chetty Son,99381000001907025,16,155345.60,183308.00,,INR,"Cochin,Vytila-COK",Tamil Nadu,636002,Tamil Nadu,636002
CALIBRATION SYSTEMS,99381000002235871,1,8150.00,9617.00,,INR,Cochin,West Bengal,743126,West Bengal,700090
CENTRAL SCALES,99381000001639413,1,0.00,0.00,,INR,Cochin,Kerala,676101,Kerala,676101
CENTRAL TRADERS,99381000001392083,14,208408.64,245922.00,,INR,Cochin,Kerala,676101,Kerala,676101
CENTRAL TRADERS (New),99381000020724005,1,28423.68,33540.00,,INR,Cochin,Kerala,676101,Kerala,676101
Charbel Enterprises,99381000014790106,5,251859.38,297194.00,,INR,"Cochin,Vytila-COK",Goa,403707,Goa,403707
chemind chemicals,99381000006671081,1,7275.50,8585.00,,INR,Cochin,Kerala,673001,Kerala,673001
CHINMAY ENTERPRISES,99381000016226003,1,16200.00,19116.00,,INR,Cochin,Karnataka,560091,Karnataka,560091
Chipdot Enterprises,99381000001357095,5,51170.40,60381.00,,INR,"Cochin,Vytila-COK",Kerala,676503,Kerala,676503
City Technologies,99381000001357572,9,156145.08,184251.00,,INR,"Cochin,Vytila-COK",Kerala,676123,Kerala,676123
Clarion Systems,99381000001542136,3,17160.02,20249.00,,INR,Cochin,Kerala,680302,Kerala,680302
CLASSIC SCALES AND TOOLS CENTER,99381000012262003,3,11060.20,13051.00,,INR,"Cochin,Vytila-COK",Tamil Nadu,632004,Tamil Nadu,632004
D.M. SALES & SERVICE CORP.,99381000005600825,3,82995.90,97935.00,,INR,"Cochin,Vytila-COK",Punjab,141003,Punjab,141003
Deepa weighing services,99381000002222998,24,362251.00,427456.00,,INR,"Cochin,Vytila-COK",Kerala,682026,Kerala,682026
DEEPAK ELECTRONICS,99381000002314035,34,318615.70,375967.00,,INR,"Cochin,Vytila-COK",Haryana,122505,Haryana,122505
DEV WEIGHING SOLUTIONS,99381000002312117,2,75750.00,89385.00,,INR,"Cochin,Vytila-COK",Haryana,121001,Haryana,121001
DEWSUN TECHNOLOGIES,99381000003474082,2,79228.78,93490.00,,INR,Cochin,Chandigarh,160101,Chandigarh,160101
DIAMOND METRIC WORKS,99381000002686311,3,26619.40,31489.00,,INR,"Cochin,Vytila-COK",Karnataka,585101,Karnataka,585101
DIGITAL SCALE,99381000000136578,10,713938.80,842448.00,,INR,"Cochin,Vytila-COK",Kerala,673639,Kerala,695036
DIGITAL TRADE LINKS,99381000010192123,3,20913.66,24678.00,,INR,"Cochin,Vytila-COK",Kerala,695101,Kerala,695101
DIGITALLY SCALES & SYSTEMS,99381000005338135,1,22764.48,26862.00,,INR,Cochin,,691001,,691001
DIYA TECHNOLOGIES,99381000001920053,1,55373.68,65341.00,,INR,Cochin,Kerala,673613,Kerala,673613
Dynamic Enterprises,99381000000151001,43,699363.42,832899.00,,INR,"Cochin,Vytila-COK",Kerala,680121,Kerala,680121
E WAY SOLUTIONS,99381000000601025,2,10433.06,12311.00,,INR,"Cochin,Vytila-COK",Kerala,679122,Kerala,679122
E-TEK ELECTRONICS,99381000015633003,2,16060.20,18951.00,,INR,Cochin,Tamil Nadu,609001,Tamil Nadu,609001
EAGLE SCALES,99381000000959493,9,95131.10,112352.00,,INR,"Cochin,Vytila-COK",Tamil Nadu,641006,Tamil Nadu,641006
Edakara Scales,99381000001955009,1,6954.28,8206.00,,INR,Cochin,Kerala,679331,Kerala,679331
EDAPAL SCALES,99381000020817026,1,6534.70,7711.00,,INR,Cochin,Kerala,,Kerala,679577
Elcon Digital System,99381000002158301,1,12000.00,14160.00,,INR,Cochin,Kerala,682316,Kerala,682316
Electro Tech Scales & Services,99381000018998728,1,6954.28,8206.00,,INR,Cochin,Kerala,678541,Kerala,678541
Electro Technologies,99381000001091033,34,801246.43,945471.00,,INR,"Cochin,Vytila-COK",Maharashtra,411014,Maharashtra,411014
ELECTRO WEIGHT MACHINE,99381000010506146,4,63893.90,75395.00,,INR,"Cochin,Vytila-COK",Chhattisgarh,492001,Chhattisgarh,492001
ELMASSâ€™ Weighing & Automation Pvt. Ltd,99381000005074017,287,2113915.36,2508941.16,,INR,"Cochin,Vytila-COK",Kerala,682018,Kerala,682018
EMERALD AGENCIES,99381000020060235,1,15629.60,18443.00,,INR,Cochin,Kerala,679576,Kerala,679576
EMITECH SCALES AND SYSTEMS,99381000013000282,5,128453.46,151575.00,,INR,Cochin,Haryana,122001,Haryana,122001
End To End Weighing Solutions,99381000001277135,7,76271.40,90000.00,,INR,"Cochin,Vytila-COK",Karnataka,571606,Karnataka,571606
Erros Weighing Industries,99381000001575397,5,19839.80,23411.00,,INR,"Cochin,Vytila-COK",Tamil Nadu,638003,Tamil Nadu,638003
ESSAR AGENCIES,99381000004287067,1,6160.20,7269.00,,INR,Cochin,Tamil Nadu,612001,Tamil Nadu,612001
ESSE-ON ELECTRONICS,99381000007629005,7,65960.20,77833.00,,INR,Cochin,Andhra Pradesh,517501,Andhra Pradesh,517501
EVA WEIGHING MACHINES& SYSTEMS,99381000001697090,2,19794.08,23357.00,,INR,Cochin,Kerala,691307,Kerala,691307
EWAY SOLUTIONS,99381000005031136,9,35005.28,41306.00,,INR,"Cochin,Vytila-COK",Kerala,679503,Kerala,679503
EXATA BALANCE CO,99381000000017031,12,129853.46,153227.00,,INR,"Cochin,Vytila-COK",Kerala,676552,Kerala,676552
Favorite scale,99381000012800049,1,5000.00,5900.00,,INR,Cochin,Gujarat,380001,Gujarat,380001
FELIX WEIGHING SYSTEMS,99381000000015830,1,9288.16,10960.00,,INR,Cochin,Kerala,689501,Kerala,689501
FLINTEK ENTERPRISES,99381000014989061,3,51650.00,60947.00,,INR,Cochin,Tamil Nadu,641604,Tamil Nadu,641604
GEN-X-INTERNATIONAL,99381000013481003,2,20152.46,23780.00,,INR,"Cochin,Vytila-COK",West Bengal,700086,West Bengal,700086
GENESYS TECHNOLOGIES,99381000003705009,1,14250.00,16815.00,,INR,Cochin,Karnataka,560029,Karnataka,560029
GILGAL ENTERPRISES,99381000000014719,1,8998.36,10618.00,,INR,Cochin,Kerala,689504,Kerala,689504
GIRI BROTHERS,99381000009393003,6,116951.00,138002.00,,INR,"Cochin,Vytila-COK",Tamil Nadu,600001,Tamil Nadu,600001
GK electronics,99381000000161200,24,912267.48,1076475.00,,INR,"Cochin,Vytila-COK",Kerala,673612,Kerala,673612
GK ELECTRONICS,99381000011118216,2,15032.24,17738.00,,INR,Cochin,Kerala,679576,Kerala,679576
GLOBAL DIGITAL SYSTEM,99381000000011046,21,189066.30,223098.00,,INR,"Cochin,Vytila-COK",Kerala,673604,Kerala,676304
Global Scale Corporation,99381000002311005,1,11500.00,13570.00,,INR,Cochin,Maharashtra,410206,Maharashtra,410206
Global scales,99381000015602220,2,10355.10,12219.00,,INR,Cochin,Kerala,689695,Kerala,689695
GOLDEN SCALES,99381000012149129,10,102405.74,120839.00,,INR,Cochin,Kerala,670571,Kerala,670571
GOLDFIELD SCALE,99381000008748044,1,0.00,0.00,,INR,Cochin,Maharashtra,400068,Maharashtra,400068
GOLDFIELD WEIGHING SOLUTIONS,99381000004638059,2,61482.21,72549.00,,INR,Cochin,Maharashtra,400068,Maharashtra,400068
GOLDSHINE SCALE & SYSTEM,99381000003731164,2,19800.00,23364.00,,INR,Cochin,Haryana,135001,Haryana,135001
GOODWILL ENGINEERS CORPORATION,99381000000385047,3,33879.38,42881.00,,INR,"Cochin,Vytila-COK",Kerala,676121,Kerala,676121
GUJARAT SCALES,99381000003971174,1,1050.00,1239.00,,INR,Vytila-COK,Karnataka,580020,Karnataka,580020
Gunaseeli Enterprises,99381000014770183,1,15751.64,18587.00,,INR,Cochin,Tamil Nadu,600126,Tamil Nadu,600126
HAMDHA SCALES,99381000002854009,88,553119.98,652763.00,,INR,"Cochin,Vytila-COK",Kerala,683561,Kerala,683561
HINDUSTAN SCALE CARE,99381000001026321,1,16000.00,18880.00,,INR,Cochin,Uttar Pradesh,208001,Uttar Pradesh,208001
HMS ENTERPRISES,99381000001165559,41,723174.50,853346.00,,INR,"Cochin,Vytila-COK",Tamil Nadu,600015,Tamil Nadu,600015
HUSAINBHAI ENTERPRISES,99381000011318309,3,63150.00,74517.00,,INR,Cochin,Maharashtra,421302,Maharashtra,421302
INDUS SCALES AND SYSTEMS,99381000015943066,1,27414.48,32349.00,,INR,Cochin,Kerala,691331,Kerala,691331
INDUSTRIAL PROCESS CONTROL TECHNOLOGIES,99381000014809026,3,77550.00,91509.00,,INR,Cochin,Andhra Pradesh,522004,Andhra Pradesh,522004
INFRATECH SOLUTIONS,99381000020838003,2,27089.80,31966.00,,INR,Cochin,Kerala,690502,Kerala,690502
Ishtaa Scales Inc.,99381000003296682,2,182400.00,215232.00,,INR,Cochin,Tamil Nadu,641006,Tamil Nadu,641006
JAAS ENTERPRISES,99381000007811111,1,3654.28,4312.00,,INR,Cochin,Kerala,680664,Kerala,680664
Jai Guruji Electronic Solution,99381000003633982,1,7000.00,8260.00,,INR,Cochin,Haryana,124001,Haryana,124001
Jay Ganesh Enterprises,99381000003154025,1,31500.00,37170.00,,INR,Cochin,Maharashtra,411017,Maharashtra,411017
jayajee scales industries & services,99381000015659031,4,64414.48,76009.00,,INR,Cochin,Kerala,685584,Kerala,685584
JHT ELECTRONICS,99381000005894249,1,584.70,690.00,,INR,Vytila-COK,Kerala,695104,Kerala,695104
JM INTERNATIONAL,99381000011428059,1,39879.60,47058.00,,INR,Cochin,West Bengal,741152,West Bengal,741152
JOINTLINE ELECTRONICS,99381000003422043,4,36220.40,42740.00,,INR,"Cochin,Vytila-COK",Karnataka,575001,Karnataka,575001
JYOTHI INSTRUMENTS,99381000009307021,1,7000.00,8260.00,,INR,Cochin,Andhra Pradesh,533468,Andhra Pradesh,533468
K.ROY SCIENTIFIC INDUSTRIES PRIVATE LIMITED,99381000008294039,1,50650.00,59767.00,,INR,Cochin,West Bengal,700012,West Bengal,700012
KAIRALI SCALE,99381000001654283,1,8062.66,9514.00,,INR,Cochin,Kerala,673121,Kerala,673121
KALATHOOR AGENCIES,99381000006407009,3,40915.12,48280.00,,INR,Cochin,Kerala,689510,Kerala,689510
Kanpur ScaleCare Pvt Ltd,99381000001358611,1,13800.00,16284.00,,INR,Cochin,Uttar Pradesh,208020,Uttar Pradesh,208020
Kantawala Engineers  Pvt. Ltd.,99381000004687079,1,65950.00,77821.00,,INR,Cochin,Delhi,110020,Delhi,110020
Kerala Scales Electronic System,99381000000356106,16,132303.46,156118.00,,INR,"Cochin,Vytila-COK",Kerala,680004,Kerala,680004
KRAUS INSTRUMENTS,99381000000309611,110,1478561.30,1759154.00,,INR,"Cochin,Vytila-COK",Kerala,680001,Kerala,680001
KUBER MAXCELL MARKETING LLP,99381000012019480,5,681426.96,804084.00,,INR,Cochin,Tamil Nadu,600039,Tamil Nadu,600039
kuttanad thrass world,99381000018171294,3,32859.38,38774.00,,INR,Cochin,Kerala,686102,Kerala,686102
L S SHINDE AND ENGINEERS,99381000003928003,2,20000.00,23600.00,,INR,Cochin,Maharashtra,431001,Maharashtra,431001
Lakshmi Scales and Systems,99381000011322138,1,9079.60,10714.00,,INR,Cochin,Tamil Nadu,625005,Tamil Nadu,625005
LARS MARKETING,99381000020484061,1,86061.02,101552.00,,INR,Cochin,Delhi,110008,Delhi,110008
Leeladhar and Brothers,99381000002352428,3,18639.80,21995.00,,INR,"Cochin,Vytila-COK",Madhya Pradesh,456001,Madhya Pradesh,456001
LUMEC CORPORATION,99381000016375009,2,2400.00,2832.00,,INR,Cochin,Uttar Pradesh,281001,Uttar Pradesh,281001
M/S ANAND PRAKASH GUPTA AND SONS,99381000001652003,6,121181.30,142994.00,,INR,"Cochin,Vytila-COK",Uttarakhand,248001,Uttarakhand,248001
M/S BAJRANG TRADERS,99381000018102175,2,14160.20,16709.00,,INR,"Cochin,Vytila-COK",Bihar,841428,Bihar,841428
M/S Balance Tech International,99381000006441194,2,16969.40,20024.00,,INR,Cochin,West Bengal,700013,West Bengal,700013
M/S RAMNATH,99381000011318204,1,2101.64,2480.00,,INR,Cochin,Kerala,671315,Kerala,671315
M/s Ratan Ram,99381000020461061,1,7839.80,9251.00,,INR,Cochin,West Bengal,732140,West Bengal,732140
M/S SANDHYA ENGINEERING WORKS,99381000011556006,3,151000.00,178180.00,,INR,Cochin,Tripura,799285,Tripura,799285
M/S Sunati Enterprise,99381000005371005,11,529908.38,625292.00,,INR,"Cochin,Vytila-COK",Tripura,799001,Tripura,799001
M/S. ELECTRONIC SHOP,99381000002166184,3,60600.00,71508.00,,INR,"Cochin,Vytila-COK",West Bengal,743372,West Bengal,743372
M/S. G. c. Mondal & Son,99381000015703112,1,34000.00,40120.00,,INR,Cochin,West Bengal,700008,West Bengal,700008
M/s. G.BHASKARAN PILLAI HARDWARE MERCHANTS,99381000006671202,5,39471.22,46576.00,,INR,Cochin,Kerala,690502,Kerala,690502
M/S. K.M.ENTERPRISE,99381000015807848,9,111939.80,132089.00,,INR,"Cochin,Vytila-COK",West Bengal,733134,West Bengal,733134
M/S. VASUDEV SCALES 'N' ELECTRONICS,99381000001377013,1,34000.00,40120.00,,INR,Cochin,Uttar Pradesh,208001,Uttar Pradesh,208001
M/s. VPROTECH SYSTEMS,99381000009129140,5,42709.38,50397.00,,INR,Cochin,Kerala,680590,Kerala,680590
M/S.APTAM,99381000004284199,5,94150.00,111097.00,,INR,Cochin,West Bengal,721634,West Bengal,721301
M/s.Meezan Enterprises,99381000002352361,6,100050.00,118059.00,,INR,"Cochin,Vytila-COK",Maharashtra,400010,Maharashtra,400003
M/S.VASAVI SCALES,99381000009235029,3,63320.40,74718.00,,INR,Cochin,Karnataka,560053,Karnataka,560053
MAA SHAKTI TRADERS,99381000020545100,1,20511.84,24204.00,,INR,Cochin,Jharkhand,825409,,
MADHU MADHAV TRADER'S ,99381000002699599,5,85035.70,100732.00,,INR,"Cochin,Vytila-COK",Karnataka,581343,Karnataka,581343
MADURAI METRIC WORKS,99381000017751005,3,32565.30,38427.00,,INR,"Cochin,Vytila-COK",Tamil Nadu,625001,Tamil Nadu,625001
MAHA ENTERPRISES,99381000014778101,3,430000.00,507400.00,,INR,Cochin,Tamil Nadu,600032,Tamil Nadu,600032
MALABAR SCALES- Thirssur,99381000005496103,11,94681.78,111724.00,,INR,"Cochin,Vytila-COK",Kerala,680664,Kerala,680664
Malshi scale centre,99381000011425027,2,14845.72,17518.00,,INR,Cochin,Kerala,671121,Kerala,671121
MARATHWADA SCALE,99381000018264078,2,13800.00,16284.00,,INR,Cochin,Maharashtra,431604,Maharashtra,431604
MARATHWADA SCALES UNLIMITED,99381000013355511,2,15950.00,18821.00,,INR,Cochin,Maharashtra,431604,Maharashtra,431604
MARVEL ELECTRONICS,99381000000014358,8,92463.02,109106.00,,INR,"Cochin,Vytila-COK",Kerala,680503,Kerala,680503
Marvel Scales- Aluva,99381000003573113,17,140987.80,166366.00,,INR,"Cochin,Vytila-COK",Kerala,683101,Kerala,683101
MARVEL SYSTEM-ADIMALY,99381000014099007,1,14535.52,17152.00,,INR,Cochin,Kerala,685561,Kerala,685561
MASS TECHNOLOGY,99381000000014461,2,24130.42,28474.00,,INR,"Cochin,Vytila-COK",Kerala,673305,Kerala,673305
Master Systems,99381000004394001,2,14994.90,17694.00,,INR,Cochin,Kerala,673004,Kerala,673004
MATA AGENCIES,99381000005576077,4,39826.32,46995.00,,INR,"Cochin,Vytila-COK",Kerala,686603,Kerala,686603
MATHA AGENCIES,99381000001725003,14,156835.24,185065.00,,INR,"Cochin,Vytila-COK",Kerala,686603,Kerala,686603
Mathi Scales,99381000002072057,30,623766.30,736044.00,,INR,"Cochin,Vytila-COK",Tamil Nadu,625001,Tamil Nadu,625001
MEEZAN ELECTRONIC SCALES PRIVATE LIMITED,99381000000112170,282,7104949.92,8400055.00,,INR,"Cochin,Vytila-COK",Kerala,676121,Kerala,676121
METRO ELECTRONICS,99381000006050120,15,138682.24,163645.00,,INR,"Cochin,Vytila-COK",Kerala,691532,Kerala,691532
METRO ENTERPRISES,99381000000011771,1,5600.00,6608.00,,INR,Cochin,Kerala,678582,Kerala,678582
MICRO WEIGHING SYSTEMS,99381000000014832,2,14711.84,17360.00,,INR,"Cochin,Vytila-COK",Kerala,695501,Kerala,695501
MINAR SCALES,99381000001275715,1,1500.00,1770.00,,INR,Vytila-COK,Kerala,676541,Kerala,676541
Minar scales,99381000004965219,7,56375.50,66523.00,,INR,"Cochin,Vytila-COK",Kerala,678014,Kerala,678014
MODERN BUSINESS EQUIPMENT & SERVICES PVT LTD.,99381000003962053,4,46300.00,54634.00,,INR,Cochin,Himachal Pradesh,174103,Himachal Pradesh,174103
Modern Instruments,99381000002139019,18,145710.20,171938.00,,INR,"Cochin,Vytila-COK",Kerala,679329,Kerala,679329
Modern machines,99381000000036003,19,586592.40,695082.00,,INR,"Cochin,Vytila-COK",Kerala,688521,Kerala,688521
Modern Scales-Kerala,99381000001357379,1,3635.52,4290.00,,INR,Cochin,Kerala,679331,Kerala,679331
MTS WEIGHING AND BILLING SOLUTIONS,99381000008932001,76,167440.46,197580.00,,INR,"Cochin,Vytila-COK",Tamil Nadu,600073,Tamil Nadu,620004
N Y DHONGADI AND SONS,99381000002694009,3,81500.00,96170.00,,INR,"Cochin,Vytila-COK",Karnataka,580020,Karnataka,580020
N-TECH WEIGHING SOLUTION,99381000006147033,11,64484.70,76092.00,,INR,"Cochin,Vytila-COK",Tamil Nadu,637101,Tamil Nadu,637101
NARAIN BROTHERS (KANTAWALA),99381000010298149,1,10000.00,11800.00,,INR,Cochin,Uttar Pradesh,282004,Uttar Pradesh,282004
NATIONAL CORPORATION,99381000000934276,1,14855.92,17530.00,,INR,Cochin,Gujarat,395002,Gujarat,395002
NATIONAL SCALES & SERVICE,99381000019771778,2,19755.10,23311.00,,INR,"Cochin,Vytila-COK",Kerala,689101,Kerala,689101
NEW BHARAT WEIGHING SCALE TRADERS,99381000009026286,6,34050.82,40180.00,,INR,"Cochin,Vytila-COK",Maharashtra,415110,Maharashtra,415110
NEW INDIANA WEIGHING SCALES,99381000006676019,3,10280.60,12131.00,,INR,Cochin,Karnataka,563114,Karnataka,563114
NEW METRO HARDWARES,99381000005591479,4,62709.20,73997.00,,INR,"Cochin,Vytila-COK",Tamil Nadu,620008,Tamil Nadu,620008
New Scale land,99381000001357613,14,152017.12,179380.00,,INR,"Cochin,Vytila-COK",Kerala,686028,Kerala,686028
NEW WEIGHING WORLD,99381000016839005,1,8250.00,9735.00,,INR,Cochin,West Bengal,713201,West Bengal,713201
NIRUTHA WEIGHING SYSTEMS,99381000011612711,15,246338.10,290679.00,,INR,"Cochin,Vytila-COK",Karnataka,560083,Karnataka,560083
NOVA SCALES,99381000001660179,1,260000.00,306800.00,,INR,Cochin,Karnataka,560050,Karnataka,560050
NOVA WEIGH INDUSTRIES,99381000004759120,1,12420.40,14656.00,,INR,Cochin,Punjab,141008,Punjab,141008
OM ENTERPRISES,99381000001717050,7,411525.50,485600.00,,INR,Cochin,Tripura,799001,Tripura,799001
P.SAKTHIVEL RUBA  SYSTEMS,99381000010723041,2,32255.10,38061.00,,INR,Cochin,Tamil Nadu,620017,Tamil Nadu,620017
Param Sales,99381000004256097,1,17000.00,20060.00,,INR,Cochin,Maharashtra,411028,Maharashtra,411028
PERFECT SCALES,99381000013051253,7,66374.20,81154.00,,INR,"Cochin,Vytila-COK",Kerala,679303,Kerala,679577
Pilot Scales & Hardwares,99381000001485053,1,3350.00,3953.00,,INR,Vytila-COK,Tamil Nadu,620008,Tamil Nadu,620008
PIONEER WEIGHING MACHINE & TRADERS,99381000005559987,2,26500.00,31270.00,,INR,Cochin,Maharashtra,400003,Maharashtra,400003
POPULAR SCALES,99381000001580003,1,17225.50,20326.00,,INR,Cochin,Kerala,683513,Kerala,683513
PRABHAT TRUNK & SCALES,99381000005894015,8,342128.60,403712.00,,INR,"Cochin,Vytila-COK",Telangana,500012,Telangana,500012
PRECISION WEIGH SYSTEMS,99381000005104053,5,60057.74,70868.00,,INR,Cochin,Andhra Pradesh,515001,Andhra Pradesh,515001
PROFESSIONAL VENTURES,99381000006605055,2,19833.06,23403.00,,INR,Cochin,Kerala,670331,Kerala,670331
QUALITY THRASS,99381000007927177,1,7815.30,9222.00,,INR,Cochin,Kerala,688524,Kerala,688524
R.A.M SCALES,99381000001617061,2,9709.20,11457.00,,INR,"Cochin,Vytila-COK",Karnataka,577001,Karnataka,577001
R.N.DHONGADI & SONS,99381000002009250,1,1950.00,2301.00,,INR,Vytila-COK,Karnataka,580020,Karnataka,580020
RACHANA WEIGHTECH,99381000019977920,1,14839.80,17511.00,,INR,Cochin,Gujarat,380016,Gujarat,382418
Raghavendra Electronic Scales,99381000001358739,1,8400.00,9912.00,,INR,Cochin,Andhra Pradesh,515001,Andhra Pradesh,515001
RAJ ENGG. INDUSTRIES,99381000006666063,1,11900.00,14042.00,,INR,Cochin,Delhi,110005,Delhi,110005
RAJIB MARKETING,99381000009821087,2,106263.66,125391.00,,INR,"Cochin,Vytila-COK",West Bengal,741504,West Bengal,741504
REAL DIGITAL SOLUTION,99381000001565076,11,287552.96,339454.00,,INR,"Cochin,Vytila-COK",Assam,781006,Assam,781006
Retail Cloud service,99381000019875126,21,19660.92,23200.00,,INR,Vytila-COK,,,,
Retail Service,99381000005368943,3,48.36,57.00,,INR,Vytila-COK,,,,
REVATHY SCALE AGENCY,99381000006287047,1,21620.40,25512.00,,INR,Cochin,Tamil Nadu,629002,Tamil Nadu,629002
REVURI VENKATARAO,99381000006436082,4,21319.40,25157.00,,INR,"Cochin,Vytila-COK",Andhra Pradesh,533001,Andhra Pradesh,533001
ROYAL SCALES,99381000002549012,44,243871.46,287768.00,,INR,"Cochin,Vytila-COK",Kerala,670307,Kerala,670307
RP Enterprises,99381000005908005,1,16625.50,19618.00,,INR,Cochin,Haryana,122001,Haryana,122001
S A WEIGHING SYSTEMS,99381000009083263,3,28401.00,33513.00,,INR,Cochin,Tamil Nadu,641602,Tamil Nadu,641602
S K  TECHNOSYS,99381000006049076,2,109884.70,129664.00,,INR,Cochin,Karnataka,560062,Karnataka,560062
S M INDUSTRIES,99381000003128788,6,339957.58,401150.00,,INR,"Cochin,Vytila-COK",Telangana,500012,Telangana,500001
S N SCALES,99381000007051227,1,770.40,909.00,,INR,Vytila-COK,Kerala,691516,Kerala,691516
S N TECHNOLOGY,99381000002488001,1,22982.15,27119.00,,INR,Cochin,Uttar Pradesh,201001,Uttar Pradesh,201001
S R VALUE,99381000003339413,15,117949.00,139180.00,,INR,"Cochin,Vytila-COK",Kerala,682040,Kerala,682040
S R VALUE THRASS AND ELECTRONICS,99381000014856027,3,3450.00,4071.00,,INR,Vytila-COK,Kerala,688537,Kerala,688537
S S SCALES,99381000019931464,1,8460.20,9983.00,,INR,Cochin,Telangana,509210,Telangana,509210
S. KHADER BAIG SAHEB & CO.,99381000006824013,7,289685.70,341829.00,,INR,"Cochin,Vytila-COK",Karnataka,560002,Karnataka,560002
S.K.WEIGHING INDUSTRIES,99381000017644007,5,259000.00,305620.00,,INR,Cochin,Telangana,500012,Telangana,500012
S.P Electronics,99381000001346003,1,29000.00,34220.00,,INR,Cochin,West Bengal,700070,West Bengal,700070
SAFE ELECTRONIC,99381000007024011,24,138194.90,163070.00,,INR,"Cochin,Vytila-COK",Kerala,680020,Kerala,680020
SAI ENTERPRISES,99381000000965636,1,16179.60,19092.00,,INR,Cochin,Telangana,500072,Telangana,500072
SAI SUBHA ENTERPRISES,99381000011612647,2,56865.30,67101.00,,INR,"Cochin,Vytila-COK",Odisha,764001,Odisha,764001
SAI SYSTEM AND SERVICES,99381000002173957,17,108294.90,127788.00,,INR,"Cochin,Vytila-COK",Tamil Nadu,600091,Tamil Nadu,600091
Sai Traders,99381000002369013,3,11550.00,13629.00,,INR,"Cochin,Vytila-COK",Madhya Pradesh,462011,Madhya Pradesh,462011
SAM ENTERPRISES,99381000002457152,2,12760.20,15057.00,,INR,"Cochin,Vytila-COK",Tamil Nadu,605602,Tamil Nadu,605602
SAMPATH ELECTRONIC DIGITAL SCALE,99381000016722210,1,4500.00,5310.00,,INR,Cochin,Tamil Nadu,641603,Tamil Nadu,641603
SANDEEP SCALE,99381000006104005,1,8400.00,9912.00,,INR,Cochin,Maharashtra,416002,Maharashtra,416002
SANIA SYSTEMS,99381000000116459,2,131500.00,155170.00,,INR,"Cochin,Vytila-COK",Karnataka,560090,Karnataka,560090
Sanoft Technologies Pvt Ltd,99381000009860101,3,43223.68,51004.00,,INR,Cochin,Kerala,673639,Kerala,673639
SANWEIGH SCALES & MACHINES,99381000007049202,1,10800.00,12744.00,,INR,Cochin,Karnataka,560043,Karnataka,560043
SARA SCALES,99381000001717202,1,8798.36,10382.00,,INR,Cochin,Kerala,691506,Kerala,691506
SARASWATI ENTERPRISES,99381000018904961,2,8039.80,9487.00,,INR,"Cochin,Vytila-COK",Himachal Pradesh,176201,Punjab,145001
SASI ENTERPRISES,99381000004330313,1,4650.00,5487.00,,INR,Cochin,Tamil Nadu,638004,Tamil Nadu,638004
SCALE POINT-TAMIL NADU,99381000001485506,2,13879.60,16378.00,,INR,Cochin,Tamil Nadu,626001,Tamil Nadu,626001
SCANGLE RETAIL PRIVATE LIMITED,99381000001969121,6,13918.58,16424.00,,INR,"Cochin,Vytila-COK",Kerala,682019,Kerala,682019
SHALIN WEIGH SYSTEM,99381000013982003,1,5400.00,6372.00,,INR,Cochin,Gujarat,382440,Gujarat,382440
SHANKAR SCALES & SERVICES,99381000002478112,3,10465.30,12349.00,,INR,"Cochin,Vytila-COK",Tamil Nadu,609001,Tamil Nadu,609001
SHARK SYSTEMS,99381000007083110,3,18900.00,22302.00,,INR,"Cochin,Vytila-COK",Bihar,800001,Bihar,800001
Shinde Scale Co,99381000005638183,4,79445.72,93746.00,,INR,Cochin,Maharashtra,411002,Maharashtra,411002
SHIVTEJ TECHNOLOGIES,99381000007665204,1,1310.20,1546.00,,INR,Vytila-COK,Maharashtra,416209,Maharashtra,416209
Shree  Naman Weighing System and solution,99381000003987214,4,110166.30,129996.00,,INR,Cochin,Rajasthan,302019,Rajasthan,302019
Shree balaji instruments,99381000020843364,1,40000.00,47200.00,,INR,Cochin,Madhya Pradesh,482002,Madhya Pradesh,482002
Shree Balaji Trading Co.,99381000002322352,1,27535.52,32492.00,,INR,Cochin,Rajasthan,301001,Rajasthan,301001
SHREE KARNI ELECTRONICS,99381000018800065,1,20255.92,23902.00,,INR,Cochin,Rajasthan,302021,Rajasthan,302021
Shree Vitthal Scales and Services,99381000002544896,1,10384.70,12254.00,,INR,Cochin,Maharashtra,413501,Maharashtra,411037
SHRI BALAJI TRADING COMPANY,99381000007689069,1,10150.00,11977.00,,INR,Cochin,Chandigarh,160019,Chandigarh,160019
SHRI LAKSHMI VENKATESWARA WEIGHING SCALES,99381000013096003,5,37185.20,43976.00,,INR,"Cochin,Vytila-COK",Andhra Pradesh,515001,Andhra Pradesh,515001
SHRI MARUTI SCALE,99381000018003072,1,10360.20,12225.00,,INR,Cochin,Karnataka,590001,Karnataka,590001
SILCO ENTERPRISES,99381000001120067,3,20451.00,24132.00,,INR,"Cochin,Vytila-COK",Karnataka,575001,Karnataka,575001
SK ENTERPRISE,99381000001793100,2,17011.84,20074.00,,INR,"Cochin,Vytila-COK",West Bengal,733134,West Bengal,733134
SMART DIGITAL SCALE,99381000018209120,6,98594.90,116342.00,,INR,"Cochin,Vytila-COK",Karnataka,560001,Karnataka,560001
SMART WEIGHING SCALES,99381000005475340,1,0.00,0.00,,INR,Cochin,Andhra Pradesh,531173,Andhra Pradesh,531173
SMART WEIGHING SYSTEMS,99381000020793003,1,32400.00,38232.00,,INR,Cochin,Telangana,500036,Telangana,500036
SN Engineering Services,99381000003971999,1,16311.02,19247.00,,INR,Cochin,Maharashtra,400706,Maharashtra,400706
Sonic Weighing Systems,99381000000260021,15,1470586.52,1735292.00,,INR,"Cochin,Vytila-COK",Karnataka,560090,Karnataka,560090
SOUTHERN SCALES COMPANY,99381000003216035,8,42444.08,50084.00,,INR,"Cochin,Vytila-COK",Maharashtra,422010,Maharashtra,422010
SREE TULSI SCALES,99381000001144238,2,43805.10,51690.00,,INR,Cochin,Telangana,500012,Telangana,500012
SRI KRISHNA ENTERPRISES,99381000009307132,4,98689.98,116454.00,,INR,"Cochin,Vytila-COK",Karnataka,560076,Karnataka,560076
SRI SAI ENTERPRISES NEW,99381000009764003,1,5860.20,6915.00,,INR,Cochin,Karnataka,572101,Karnataka,572101
SRI VINAYAKA ELECTRONICS & ELECTRICAL SCALE SALES AND SERVICES,99381000018998191,1,27551.64,32511.00,,INR,Cochin,Karnataka,591126,Karnataka,591126
SRISHTI WEIGHING SCALE,99381000003736084,1,18750.00,22125.00,,INR,Cochin,Gujarat,396191,Gujarat,396191
SRIYAAN ELECTRONICS,99381000003808253,1,8349.18,9852.00,,INR,Cochin,Karnataka,575028,Karnataka,575028
SSCO WEIGHING SYSTEM,99381000003436219,1,2484.70,2932.00,,INR,Cochin,Kerala,685561,Kerala,685561
STANDARD ELECTRONICS,99381000016496129,1,11210.20,13228.00,,INR,Cochin,Karnataka,575001,Karnataka,575001
Sumaiyaah Scale Centre,99381000007054005,5,222110.20,262090.00,,INR,"Cochin,Vytila-COK",Telangana,500012,Telangana,500012
SUN SCALES,99381000007224081,6,70969.40,83783.00,,INR,"Cochin,Vytila-COK",Puducherry,605009,Puducherry,605009
SUNDAR SCALES,99381000002171161,4,105289.80,124242.00,,INR,"Cochin,Vytila-COK",Tamil Nadu,605602,Tamil Nadu,605602
SUNRISE TECHNOLOGY,99381000014900063,3,273599.79,322848.00,,INR,Cochin,Gujarat,380016,Gujarat,380016
SUPPLY ENTERPRISES,99381000015121047,5,45250.00,53395.00,,INR,Cochin,Rajasthan,342603,Rajasthan,342011
SURYA DIGI SCALES,99381000004163684,1,17160.20,20249.00,,INR,Cochin,Karnataka,560062,Karnataka,560062
SURYA ELECTRONICS,99381000002892003,1,4510.20,5322.00,,INR,Cochin,Tamil Nadu,639002,Tamil Nadu,639002
SURYA ELECTRONICS WEIGHING SCALES,99381000002950001,36,179465.48,211769.00,,INR,"Cochin,Vytila-COK",Kerala,682503,Kerala,682503
SUSIL COMPUTER SCALES,99381000009097543,2,17303.28,20418.00,,INR,Cochin,Tamil Nadu,632004,Tamil Nadu,632004
SWAMI Scale Co.,99381000011603025,4,37834.70,44645.00,,INR,"Cochin,Vytila-COK",Maharashtra,411038,Maharashtra,411038
Swen Technologies,99381000000313441,3,1381.36,1630.00,,INR,Vytila-COK,Tamil Nadu,641045,Tamil Nadu,641045
TAKYON SYSTEMS,99381000000154574,79,1400224.08,1658761.00,,INR,"Cochin,Vytila-COK",Kerala,690521,Kerala,691010
Tamam Scales,99381000003472003,1,19020.40,22444.00,,INR,Cochin,Kerala,673637,Kerala,673637
Techno Systems,99381000003339031,18,136670.40,161271.00,,INR,"Cochin,Vytila-COK",Kerala,683104,Kerala,683104
TECHNOMETRIX,99381000002959027,2,20861.84,24617.00,,INR,Cochin,Kerala,691531,Kerala,691531
THAKUR SAHAB KANTE WALE,99381000007081011,1,24194.08,28549.00,,INR,Cochin,Uttar Pradesh,204101,Uttar Pradesh,204101
THE CHENNAI WEIGHING,99381000015947262,2,49559.20,58480.00,,INR,Cochin,Tamil Nadu,600003,Tamil Nadu,600118
THEJA WEIGHING SYSTEMS,99381000012688021,1,8800.00,10384.00,,INR,Cochin,Karnataka,562162,Karnataka,562162
THRASCO SOLUTIONS,99381000000011562,13,116184.70,137098.00,,INR,"Cochin,Vytila-COK",kerala,676102,kerala,676102
Thrass World-Cherthala,99381000006504021,9,30179.60,36002.00,,INR,"Cochin,Vytila-COK",Kerala,688524,Kerala,688524
THRASSCO SOLUTIONS-TIRUR,99381000003444043,5,36501.82,43072.00,,INR,Cochin,Kerala,676101,Kerala,676101
THRASSITTY,99381000002163337,1,45144.08,53270.00,,INR,Cochin,Kerala,679331,Kerala,679331
TITAN DIGITAL WEIGHING,99381000009307075,1,14200.00,16756.00,,INR,Cochin,Maharashtra,443201,Maharashtra,444303
TJ SCALE,99381000000954613,1,4793.26,5656.00,,INR,Cochin,Kerala,689121,Kerala,689121
TRAAS TECH,99381000000364094,17,207957.28,245389.00,,INR,"Cochin,Vytila-COK",Kerala,670141,Kerala,670141
TRANSWORLD SCALES SERVICES,99381000000102001,18,194587.16,229613.00,,INR,"Cochin,Vytila-COK",Kerala,691001,Kerala,691001
TRASS HOME,99381000011303025,1,2254.28,2660.00,,INR,Cochin,Kerala,680503,Kerala,680503
TRAVANCORE SCALES SERVICES,99381000000036062,23,259736.70,307269.00,,INR,"Cochin,Vytila-COK",Kerala,695036,Kerala,695036
TRUE VALUE WEIGHING AND BILLING SOLUTIONS,99381000011258001,1,81639.80,96335.00,,INR,Cochin,Tamil Nadu,600063,Tamil Nadu,600063
Tycoon India Systems,99381000001373134,1,9560.20,11281.00,,INR,Cochin,Karnataka,560073,Karnataka,560073
U K WEIGHING SCALE,99381000009925147,5,45163.66,53293.00,,INR,"Cochin,Vytila-COK",Kerala,671121,Kerala,671121
ULTIMATECAL TECHNOLOGIES PRIVATE LIMITED,99381000018508075,1,8000.00,9440.00,,INR,Cochin,Kerala,682028,Kerala,682028
UNFALL ELECTRONICS,99381000001602147,2,97200.00,114696.00,,INR,Cochin,Jammu and Kashmir,190002,Jammu and Kashmir,190002
UNITECH WEIGHING SYSTEM,99381000000064003,4,18429.78,21747.00,,INR,"Cochin,Vytila-COK",Kerala,686018,Kerala,686018
V K ELECTRONICS,99381000001357416,1,10000.00,11800.00,,INR,Cochin,Kerala,673574,Kerala,673574
V PROTECK SYSTEMS,99381000013775095,3,39600.00,46728.00,,INR,Cochin,Kerala,682024,Kerala,682024
V.SCALE.MANUFACTURING AND ELECTRONICS,99381000011428003,1,15677.96,18500.00,,INR,Cochin,Andhra Pradesh,518001,Andhra Pradesh,518001
VALLUVANAD SCALES,99381000010217110,4,16400.00,19352.00,,INR,"Cochin,Vytila-COK",Kerala,679302,Kerala,689301
VANSH SCALES & LOCKERS,99381000004808047,2,31470.22,37135.00,,INR,"Cochin,Vytila-COK",Karnataka,560002,Karnataka,560002
VARTECH WEIGHING SYSTEMS PRIVATE LIMITED,99381000008414084,4,30160.20,35589.00,,INR,"Cochin,Vytila-COK",Karnataka,560076,Karnataka,560076
VARUNTEJ WEIGHING SCALE,99381000017828113,1,10000.00,11800.00,,INR,Cochin,Telangana,506101,Telangana,506101
VASABA MICROTECS PRIVATE LIMITED,99381000016685022,2,22860.20,26975.00,,INR,"Cochin,Vytila-COK",Tamil Nadu,600091,Tamil Nadu,600091
Vega scales,99381000021183036,1,0.00,0.00,,INR,Cochin,Kerala,680665,Kerala,680665
Venkatachalam,99381000000747828,10,150330.60,177390.00,,INR,"Cochin,Vytila-COK",Tamil Nadu,641001,Tamil Nadu,641001
VENKATACHALAM & CO,99381000014693003,107,3678144.39,4351823.00,,INR,"Cochin,Vytila-COK",Tamil Nadu,641001,Tamil Nadu,641001
Victory Scales,99381000000231096,82,1771933.66,2103150.00,,INR,"Cochin,Vytila-COK",Kerala,686016,Kerala,686016
VIKAS SCALES SERVICES,99381000002913031,12,313832.24,370322.00,,INR,"Cochin,Vytila-COK",Kerala,678001,Kerala,678001
VINAYAKA SCALES,99381000005777254,17,192089.80,226666.00,,INR,"Cochin,Vytila-COK",Kerala,679322,Kerala,679322
VIRTUE SYSTEM & TECHNOLOGIES,99381000000406011,26,147561.90,174123.00,,INR,"Cochin,Vytila-COK",Kerala,682011,Kerala,682011
WEIGHING TECH,99381000001685033,5,133238.98,157222.00,,INR,"Cochin,Vytila-COK",Kerala,673002,Kerala,673002
WEIGHING WORLD,99381000012959001,1,6962.66,8216.00,,INR,Cochin,Kerala,679503,Kerala,679503
Weighman & Associates,99381000000889163,13,227363.66,268289.00,,INR,"Cochin,Vytila-COK",Kerala,673633,Kerala,673633
Xpert Scales & Electronics,99381000020149922,1,7815.30,9222.00,,INR,Cochin,Kerala,673631,Kerala,673631
Y . N . DHONGADI & SONS,99381000014469074,3,27123.86,32006.00,,INR,Cochin,Karnataka,580020,Karnataka,580020
YELLOW SCALES,99381000000126001,48,428662.66,505822.00,,INR,"Cochin,Vytila-COK",Kerala,682506,Kerala,682506
YELLOW SCALES & SYSTEMS,99381000019924810,23,266143.80,314049.00,,INR,"Cochin,Vytila-COK",Kerala,682506,Kerala,682506
YES YES TECHNOLOGIES,99381000002721037,12,347821.40,410429.00,,INR,"Cochin,Vytila-COK",Tamil Nadu,641009,Tamil Nadu,641009
yescloud-1002-R R GAANADHA MANE,99381000005760029,1,1499.16,1769.00,,INR,Vytila-COK,,,,
yescloud-1009-RK MART,99381000016139055,1,1499.16,1769.00,,INR,Vytila-COK,,,,
yescloud-1023-MIHY MINIMART,99381000008176101,4,596.64,704.00,,INR,Vytila-COK,,,,
yescloud-1056-VK TRADING,99381000005777064,2,298.32,352.00,,INR,Vytila-COK,,,,
yescloud-1062-FRESH CATCH,99381000005869046,1,149.16,176.00,,INR,Vytila-COK,,,,
yescloud-1109-Favourite Fish N Meat,99381000005818035,1,1499.16,1769.00,,INR,Vytila-COK,,,,
yescloud-1188-AKM FRUITS,99381000013178154,3,447.48,528.00,,INR,Vytila-COK,,,,
yescloud-1222-C V PHILIP & FRANCIS XAVIR ASSOCIATES,99381000014548001,1,1499.16,1769.00,,INR,Vytila-COK,,,,
yescloud-1273-F.A Mini Super Market,99381000015036130,2,298.32,352.00,,INR,Vytila-COK,,,,
yescloud-1296-metro,99381000004996156,1,149.16,176.00,,INR,Vytila-COK,,,,
yescloud-1400-FISHMART,99381000015784027,1,149.16,176.00,,INR,Vytila-COK,,,,
yescloud-141-TIFFIN 727,99381000013787001,1,149.16,176.00,,INR,Vytila-COK,,,,
yescloud-1411-TNFDC,99381000006188059,1,149.16,176.00,,INR,Vytila-COK,,,,
yescloud-1446-Patel vegetable,99381000010196054,4,596.64,704.00,,INR,Vytila-COK,,,,
yescloud-1513-FRUITS CORNER,99381000006887014,1,1499.16,1769.00,,INR,Vytila-COK,,,,
yescloud-1541-Mathiscales,99381000005841018,1,1499.16,1769.00,,INR,Vytila-COK,,,,
yescloud-1565-A R Fruits,99381000010209024,1,149.16,176.00,,INR,Vytila-COK,,,,
yescloud-1678-kamalafresh,99381000005811157,2,298.32,352.00,,INR,Vytila-COK,,,,
yescloud-168-KR BAKES,99381000006219425,1,149.16,176.00,,INR,Vytila-COK,,,,
yescloud-1742-Roshan K A R Service,99381000006246496,1,149.16,176.00,,INR,Vytila-COK,,,,
yescloud-1746-NATCHDEAL,99381000014391576,1,1499.16,1769.00,,INR,Vytila-COK,,,,
yescloud-1749-DAILY WISH,99381000010878004,4,596.64,704.00,,INR,Vytila-COK,,,,
yescloud-1768-blue sea fresh fish,99381000005839002,5,745.80,880.00,,INR,Vytila-COK,,,,
yescloud-177-KRISHIMITHRA,99381000015651002,1,1499.16,1769.00,,INR,Vytila-COK,,,,
yescloud-1807-Krishna stores,99381000005821049,1,1499.16,1769.00,,INR,Vytila-COK,,,,
yescloud-1814-VINAYAKA TRADERS,99381000005711034,2,298.32,352.00,,INR,Vytila-COK,,,,
yescloud-1823-FCP,99381000014179053,1,1499.16,1769.00,,INR,Vytila-COK,,,,
yescloud-187-Poornatharyeesa Veg Mart,99381000005817012,1,149.16,176.00,,INR,Vytila-COK,,,,
yescloud-1925-SELVAM VEGITABLES,99381000016090002,1,1499.16,1769.00,,INR,Vytila-COK,,,,
yescloud-1979-MK STORE,99381000015490640,1,149.16,176.00,,INR,Vytila-COK,,,,
yescloud-204-TNV STORES,99381000016272002,1,1499.16,1769.00,,INR,Vytila-COK,,,,
yescloud-2057-sahara,99381000014730002,1,149.16,176.00,,INR,Vytila-COK,,,,
yescloud-2098-Alwin,99381000004910018,4,596.64,704.00,,INR,Vytila-COK,,,,
yescloud-213-Priya chicken,99381000005950002,1,149.16,176.00,,INR,Vytila-COK,,,,
yescloud-2134-WE 4 VEGITABLES,99381000008554742,4,596.64,704.00,,INR,Vytila-COK,,,,
yescloud-2175-EMIRATHI,99381000011814002,3,447.48,528.00,,INR,Vytila-COK,,,,
yescloud-2180-Mahizhini Multi Mart -1,99381000006878002,1,149.16,176.00,,INR,Vytila-COK,,,,
yescloud-2192-LOVELY STORE,99381000004949127,2,298.32,352.00,,INR,Vytila-COK,,,,
yescloud-2220-Haryana Kissan Mart,99381000005590092,3,1797.48,2121.00,,INR,Vytila-COK,,,,
yescloud-2327-YADAV FRUITS AND VEGITABELES,99381000015724019,1,149.16,176.00,,INR,Vytila-COK,,,,
yescloud-2355-SRI MUTHARAMMAN VEG AND FRUITS,99381000006249018,1,149.16,176.00,,INR,Vytila-COK,,,,
yescloud-2437-Needs Super Market,99381000006933216,1,149.16,176.00,,INR,Vytila-COK,,,,
yescloud-244-ROZARIO BAKERS & CATERERS,99381000010205034,4,596.64,704.00,,INR,Vytila-COK,,,,
yescloud-2444-SHAMBHU VEGITABLES&FRUITS SUPPLIER,99381000010239027,3,447.48,528.00,,INR,Vytila-COK,,,,
yescloud-2453-BOMBAY STORE,99381000006999112,1,149.16,176.00,,INR,Vytila-COK,,,,
yescloud-2652-REAL VALUE,99381000016140002,1,299.16,353.00,,INR,Vytila-COK,,,,
yescloud-2654-GARG DASTAK,99381000004741002,4,596.64,704.00,,INR,Vytila-COK,,,,
yescloud-2702-NJL GROCERY,99381000009115001,3,447.48,528.00,,INR,Vytila-COK,,,,
yescloud-2764-A TO Z DEPARTMENTAL STORE,99381000005486694,4,596.64,704.00,,INR,Vytila-COK,,,,
yescloud-2795-CHAKARA MEAT,99381000011904025,1,149.16,176.00,,INR,Vytila-COK,,,,
yescloud-2802-HELLO FRESH,99381000010205220,2,298.32,352.00,,INR,Vytila-COK,,,,
yescloud-2853-manu,99381000015741025,1,149.16,176.00,,INR,Vytila-COK,,,,
yescloud-2989-NG FRESH,99381000008891210,1,149.16,176.00,,INR,Vytila-COK,,,,
yescloud-2993-V I P SERVICES,99381000004840094,1,149.16,176.00,,INR,Vytila-COK,,,,
yescloud-3041-RK supermarket,99381000005523002,4,596.64,704.00,,INR,Vytila-COK,,,,
yescloud-3047-apex,99381000014314002,1,1499.16,1769.00,,INR,Vytila-COK,,,,
yescloud-3082-Devs,99381000004987016,1,149.16,176.00,,INR,Vytila-COK,,,,
yescloud-3096-TRK,99381000005303002,5,1045.80,1234.00,,INR,Vytila-COK,,,,
yescloud-310-AMAZON SUPER MARKET,99381000011092159,1,1499.16,1769.00,,INR,Vytila-COK,,,,
yescloud-3124-M SQUARE,99381000006440132,3,447.48,528.00,,INR,Vytila-COK,,,,
yescloud-3174-JMJ SPICES AND GROCERY,99381000008672027,1,149.16,176.00,,INR,Vytila-COK,,,,
yescloud-3179-Puthiyakavu Bhagavathy Temple,99381000015044001,1,1499.16,1769.00,,INR,Vytila-COK,,,,
yescloud-3209-Mother Dairy & Safal,99381000005371055,4,596.64,704.00,,INR,Vytila-COK,,,,
yescloud-321-MATHA STORES,99381000010264002,3,447.48,528.00,,INR,Vytila-COK,,,,
yescloud-3214-SURYA PRABHA STOP N SHOP,99381000007712017,3,447.48,528.00,,INR,Vytila-COK,,,,
yescloud-3228-Seiko restaurant,99381000015030002,1,149.16,176.00,,INR,Vytila-COK,,,,
yescloud-3271-VIP SERVICES,99381000006055046,2,298.32,352.00,,INR,Vytila-COK,,,,
yescloud-328-GREENSTYLE MULUNTHURUTHY,99381000005799045,4,596.64,704.00,,INR,Vytila-COK,,,,
yescloud-3301-SEVEN DAYS,99381000015891002,1,149.16,176.00,,INR,Vytila-COK,,,,
yescloud-3307-Ruchi Restaurant,99381000010424052,1,149.16,176.00,,INR,Vytila-COK,,,,
yescloud-332-ADI SHANKARA,99381000005819017,2,298.32,352.00,,INR,Vytila-COK,,,,
yescloud-3326-PMS,99381000009903025,1,299.16,353.00,,INR,Vytila-COK,,,,
yescloud-3327-VIP GORAKHPUR ,99381000005768010,2,298.32,352.00,,INR,Vytila-COK,,,,
yescloud-3357-mysore fruits and vegitable,99381000005840050,3,447.48,528.00,,INR,Vytila-COK,,,,
yescloud-3361-QUALITY MARKET,99381000015805046,1,1499.16,1769.00,,INR,Vytila-COK,,,,
yescloud-338-ASHWATHI HOT CHIPS,99381000014671121,1,149.16,176.00,,INR,Vytila-COK,,,,
yescloud-3380-RAJASTHAN KISSAN MANDI,99381000006157002,1,149.16,176.00,,INR,Vytila-COK,,,,
yescloud-3383-K G Vegitables,99381000010071275,4,596.64,704.00,,INR,Vytila-COK,,,,
yescloud-3390-VIP SERVICES,99381000006303049,2,298.32,352.00,,INR,Vytila-COK,,,,
yescloud-3446-VIP services mysore ,99381000006084053,4,596.64,704.00,,INR,Vytila-COK,,,,
yescloud-345-MM TRADERS,99381000005828041,4,596.64,704.00,,INR,Vytila-COK,,,,
yescloud-3454-VIP BELGAM,99381000006108329,4,596.64,704.00,,INR,Vytila-COK,,,,
yescloud-3464-Angel Stores,99381000013468002,3,447.48,528.00,,INR,Vytila-COK,,,,
yescloud-3510-Thavakkal food product ,99381000006304368,2,298.32,352.00,,INR,Vytila-COK,,,,
yescloud-3512-Evergreen Mart,99381000011473001,1,149.16,176.00,,INR,Vytila-COK,,,,
yescloud-3523-Nila restaurant,99381000014476001,1,149.16,176.00,,INR,Vytila-COK,,,,
yescloud-3528-EXTENDED EXICUTIVE STAY,99381000016257050,1,149.16,176.00,,INR,Vytila-COK,,,,
yescloud-369-HALAL GROCERY CORNER,99381000006143002,4,596.64,704.00,,INR,Vytila-COK,,,,
yescloud-3700-VIP RAJKOT ,99381000007076012,2,298.32,352.00,,INR,Vytila-COK,,,,
yescloud-3709-HM VEGETABLES,99381000012288050,1,149.16,176.00,,INR,Vytila-COK,,,,
yescloud-3728-bismi banana and vegetables,99381000011898002,3,447.48,528.00,,INR,Vytila-COK,,,,
yescloud-3731-MOONLIGHT,99381000012396025,2,598.32,706.00,,INR,Vytila-COK,,,,
yescloud-3734-OONA STORE,99381000016136047,1,149.16,176.00,,INR,Vytila-COK,,,,
yescloud-3748-RTLUSH,99381000012394116,2,598.32,706.00,,INR,Vytila-COK,,,,
yescloud-3750-KISAAN RIKSHA,99381000006950001,1,149.16,176.00,,INR,Vytila-COK,,,,
yescloud-3756-GF LUSH,99381000012383098,4,896.64,1058.00,,INR,Vytila-COK,,,,
yescloud-3757-LUSH,99381000012398015,4,846.64,999.00,,INR,Vytila-COK,,,,
yescloud-3768-RS VEGETABLES & FRUITS,99381000010267002,4,596.64,704.00,,INR,Vytila-COK,,,,
yescloud-3770-Pongattu Vegetables,99381000012725002,3,447.48,528.00,,INR,Vytila-COK,,,,
yescloud-3771-suguna delfrez,99381000008001067,1,149.16,176.00,,INR,Vytila-COK,,,,
yescloud-3809-2KR SUPER MART,99381000007099002,1,1499.16,1769.00,,INR,Vytila-COK,,,,
yescloud-3824-HOUSE OF KULFI,99381000008432001,2,298.32,352.00,,INR,Vytila-COK,,,,
yescloud-3839-fairmart,99381000007647057,3,447.48,528.00,,INR,Vytila-COK,,,,
yescloud-3847-MALIYEKKAL SPICES AND FOODS,99381000013030400,1,149.16,176.00,,INR,Vytila-COK,,,,
yescloud-3848-Nshield,99381000012838136,3,447.48,528.00,,INR,Vytila-COK,,,,
yescloud-3860-Shree fruits& vegetables,99381000015701026,1,149.16,176.00,,INR,Vytila-COK,,,,
yescloud-3869-GUPTA FRUITS AND VEGETABLES,99381000007652001,4,596.64,704.00,,INR,Vytila-COK,,,,
yescloud-3872-country chicken,99381000007404002,1,149.16,176.00,,INR,Vytila-COK,,,,
yescloud-3884-MUMBAI KULFI,99381000013872057,1,1499.16,1769.00,,INR,Vytila-COK,,,,
yescloud-3901-FRESH STORE,99381000015949028,1,1499.16,1769.00,,INR,Vytila-COK,,,,
yescloud-3932-Top sea fresh,99381000014286051,1,1499.16,1769.00,,INR,Vytila-COK,,,,
yescloud-3957-Mahadev Traders,99381000014525002,1,1499.16,1769.00,,INR,Vytila-COK,,,,
yescloud-3984-Sunkid Fresh Pvt Ltd,99381000007739054,3,447.48,528.00,,INR,Vytila-COK,,,,
yescloud-4014-VIJAYAN STORE ,99381000007745050,1,149.16,176.00,,INR,Vytila-COK,,,,
yescloud-4039-aaa greens,99381000007728039,3,597.48,705.00,,INR,Vytila-COK,,,,
yescloud-4043-FARMER RETAIL,99381000007728062,2,298.32,352.00,,INR,Vytila-COK,,,,
yescloud-4049-PRAKRUTHI ECO WORLD,99381000008640002,4,596.64,704.00,,INR,Vytila-COK,,,,
yescloud-4058-Farmers Eco Shop,99381000015469077,1,1499.16,1769.00,,INR,Vytila-COK,,,,
yescloud-4083-KATTANS,99381000014549001,1,1499.16,1769.00,,INR,Vytila-COK,,,,
yescloud-4088-fstar,99381000014517002,1,1499.16,1769.00,,INR,Vytila-COK,,,,
yescloud-4120-VAZHAI SELVAN,99381000007998104,5,2195.80,2591.00,,INR,Vytila-COK,,,,
yescloud-4147-KVS Ohmkar Vegetables,99381000014404002,4,596.64,704.00,,INR,Vytila-COK,,,,
yescloud-4157-SRI MUTHARAMMAN,99381000011016080,2,298.32,352.00,,INR,Vytila-COK,,,,
yescloud-4166-plus point supermarket,99381000013189069,1,149.16,176.00,,INR,Vytila-COK,,,,
yescloud-4168-AYYENS BAKERY,99381000014318001,1,149.16,176.00,,INR,Vytila-COK,,,,
yescloud-4183-Realfresh,99381000011918001,2,448.32,529.00,,INR,Vytila-COK,,,,
yescloud-4196-KM VEGETABLES & FRUITS ,99381000012268025,2,548.32,647.00,,INR,Vytila-COK,,,,
yescloud-4201-MATSYA FRESH,99381000015168029,1,149.16,176.00,,INR,Vytila-COK,,,,
yescloud-4243-VARUN FRUITS & VEGETABLES,99381000016611047,1,149.16,176.00,,INR,Vytila-COK,,,,
yescloud-4263-ROSEMALA,99381000014631069,1,1499.16,1769.00,,INR,Vytila-COK,,,,
yescloud-4266-Shree Bala Ji Gen Store,99381000008688001,4,596.64,704.00,,INR,Vytila-COK,,,,
yescloud-4282-MARGENFREE MARKET,99381000014781037,1,1499.16,1769.00,,INR,Vytila-COK,,,,
yescloud-4286-AJWA,99381000014890103,1,1499.16,1769.00,,INR,Vytila-COK,,,,
yescloud-4297-VEG SHOP,99381000008797048,2,298.32,352.00,,INR,Vytila-COK,,,,
yescloud-4313-RUBBERLAB,99381000014945002,1,1499.16,1769.00,,INR,Vytila-COK,,,,
yescloud-4319-FRESS FRUITS AND VEGETABLES,99381000015506020,1,149.16,176.00,,INR,Vytila-COK,,,,
yescloud-4331-MALSYA SOCIETY,99381000009017006,2,298.32,352.00,,INR,Vytila-COK,,,,
yescloud-4399-PRINCE SNAKS BAR,99381000015477002,1,1499.16,1769.00,,INR,Vytila-COK,,,,
yescloud-4402-AKR,99381000015465028,1,1499.16,1769.00,,INR,Vytila-COK,,,,
yescloud-4406-SASTI FRUITS AND VEGETABLES,99381000010773064,5,1345.80,1588.00,,INR,Vytila-COK,,,,
yescloud-4421-Ambadi Cashews,99381000015647002,1,1499.16,1769.00,,INR,Vytila-COK,,,,
yescloud-4429-SMS VEGETABLES,99381000015894001,1,1499.16,1769.00,,INR,Vytila-COK,,,,
yescloud-4445-Lakshmi,99381000016061053,1,1499.16,1769.00,,INR,Vytila-COK,,,,
yescloud-4447-Nirmala Devi veg & Fruits,99381000016636002,1,1499.16,1769.00,,INR,Vytila-COK,,,,
yescloud-4451-CURRYKKOOTT,99381000016367073,1,149.16,176.00,,INR,Vytila-COK,,,,
yescloud-446-FATHIMA MINI SUPER MARKET,99381000007175002,2,298.32,352.00,,INR,Vytila-COK,,,,
yescloud-4467-R R BAKERY,99381000015785002,1,1499.16,1769.00,,INR,Vytila-COK,,,,
yescloud-4469-HARYANA FRESH,99381000009481078,3,447.48,528.00,,INR,Vytila-COK,,,,
yescloud-4491-Kings Biryani Cafe,99381000016060002,1,1499.16,1769.00,,INR,Vytila-COK,,,,
yescloud-4493-CHICKHEN,99381000015937001,1,149.16,176.00,,INR,Vytila-COK,,,,
yescloud-4515-GANDHI DEVAR,99381000015741001,1,1499.16,1769.00,,INR,Vytila-COK,,,,
yescloud-4516-Vegitables & Fruits shop,99381000011991106,4,596.64,704.00,,INR,Vytila-COK,,,,
yescloud-4525-Parvana stores,99381000012977066,4,596.64,704.00,,INR,Vytila-COK,,,,
yescloud-4532-kalyan stores,99381000010199198,3,447.48,528.00,,INR,Vytila-COK,,,,
yescloud-4561-SHREE RAM GEN STORE,99381000009906001,3,447.48,528.00,,INR,Vytila-COK,,,,
yescloud-4562-YEMKEY,99381000009901002,3,447.48,528.00,,INR,Vytila-COK,,,,
yescloud-4565-Mogral Oil & Flour Mill,99381000009902108,1,149.16,176.00,,INR,Vytila-COK,,,,
yescloud-4585-TULSI SABJI STORE ,99381000010080002,2,298.32,352.00,,INR,Vytila-COK,,,,
yescloud-4589-AAKAI NATURAL FOOD,99381000012427002,1,149.16,176.00,,INR,Vytila-COK,,,,
yescloud-4595-Rathi Super Mart,99381000010776034,1,149.16,176.00,,INR,Vytila-COK,,,,
yescloud-4610-MAITHRI MINI MART,99381000016628002,1,1499.16,1769.00,,INR,Vytila-COK,,,,
yescloud-4748-kadavala,99381000014601002,3,447.48,528.00,,INR,Vytila-COK,,,,
yescloud-4784-Pattathil Cold Storage ,99381000011079068,1,1499.16,1769.00,,INR,Vytila-COK,,,,
yescloud-4857-PRAKASH NATTUKOLI,99381000012396072,2,1648.32,1945.00,,INR,Vytila-COK,,,,
yescloud-4864-SUDHA VEGETABLES FURTIUES,99381000016367096,1,149.16,176.00,,INR,Vytila-COK,,,,
yescloud-4925-ANGADA,99381000016489002,1,149.16,176.00,,INR,Vytila-COK,,,,
yescloud-4963-DAILY NEEDS,99381000011987040,4,596.64,704.00,,INR,Vytila-COK,,,,
yescloud-4992-AMR VEGETABLES,99381000012087133,1,149.16,176.00,,INR,Vytila-COK,,,,
yescloud-5001-DAY FISH STAL,99381000012152025,1,149.16,176.00,,INR,Vytila-COK,,,,
yescloud-5014-AYISHA SM,99381000012748001,1,149.16,176.00,,INR,Vytila-COK,,,,
yescloud-5050-SNAKS BAR ,99381000012452002,3,447.48,528.00,,INR,Vytila-COK,,,,
yescloud-5052-AL HUDA,99381000012454141,3,447.48,528.00,,INR,Vytila-COK,,,,
yescloud-5078-SP3 Fruits & Vegitables,99381000012635002,1,1499.16,1769.00,,INR,Vytila-COK,,,,
yescloud-5092-DAZZLE AND BEDAZZLE,99381000012684025,1,149.16,176.00,,INR,Vytila-COK,,,,
yescloud-5096-YAZ MART,99381000015470141,1,149.16,176.00,,INR,Vytila-COK,,,,
yescloud-5099-SEASON GOUNDER MESS,99381000015004070,1,1499.16,1769.00,,INR,Vytila-COK,,,,
yescloud-5100-Arokya broilers,99381000014877028,1,1499.16,1769.00,,INR,Vytila-COK,,,,
yescloud-5107-HOTEL ARADHANA,99381000013406102,1,299.16,353.00,,INR,Vytila-COK,,,,
yescloud-5130-VIP GAYA,99381000013045042,4,596.64,704.00,,INR,Vytila-COK,,,,
yescloud-5135-Veda Wellness,99381000013185002,4,596.64,704.00,,INR,Vytila-COK,,,,
yescloud-5140-KK store,99381000012883469,4,596.64,704.00,,INR,Vytila-COK,,,,
yescloud-5142-KVS,99381000012932025,5,745.80,880.00,,INR,Vytila-COK,,,,
yescloud-5152-VARADA,99381000012951076,1,149.16,176.00,,INR,Vytila-COK,,,,
yescloud-5173-RAEDH ENTERPRISES,99381000013052050,1,149.16,176.00,,INR,Vytila-COK,,,,
yescloud-5196-balaji,99381000013157065,1,149.16,176.00,,INR,Vytila-COK,,,,
yescloud-5207-K A P,99381000014286002,1,149.16,176.00,,INR,Vytila-COK,,,,
yescloud-5210-OLAWTAYIL,99381000013368049,3,447.48,528.00,,INR,Vytila-COK,,,,
yescloud-5224-ALANGADAN CHICKEN STALL,99381000013451002,4,596.64,704.00,,INR,Vytila-COK,,,,
yescloud-5228-Sangam farmstead,99381000013465002,1,149.16,176.00,,INR,Vytila-COK,,,,
yescloud-5232-MGS Products,99381000013588002,3,747.48,882.00,,INR,Vytila-COK,,,,
yescloud-5236-Kudumbasree Nagarachandha,99381000013451025,4,596.64,704.00,,INR,Vytila-COK,,,,
yescloud-5258-AR Fruits,99381000013642001,2,298.32,352.00,,INR,Vytila-COK,,,,
yescloud-5267-Varkeys Stores,99381000013659158,1,149.16,176.00,,INR,Vytila-COK,,,,
yescloud-5274-KKM STORES,99381000013744002,4,596.64,704.00,,INR,Vytila-COK,,,,
yescloud-5277-LK VEGETABLES,99381000015925001,1,1499.16,1769.00,,INR,Vytila-COK,,,,
yescloud-5323-KHWAJA CUTTING CENTRE,99381000014017338,1,149.16,176.00,,INR,Vytila-COK,,,,
yescloud-5334-TWO STAR FISH,99381000014063002,4,1046.64,1235.00,,INR,Vytila-COK,,,,
yescloud-5344-KULLU MANALI,99381000014101018,3,447.48,528.00,,INR,Vytila-COK,,,,
yescloud-5348-KATHIR,99381000014128018,1,149.16,176.00,,INR,Vytila-COK,,,,
yescloud-5352-BOMBAY CHIPS,99381000014141033,1,149.16,176.00,,INR,Vytila-COK,,,,
yescloud-5357-Star bakery,99381000014158002,2,298.32,352.00,,INR,Vytila-COK,,,,
yescloud-5360-JKSTORES,99381000014152052,2,3298.32,3892.00,,INR,Vytila-COK,,,,
yescloud-5369-FMC Chicken,99381000014201002,2,298.32,352.00,,INR,Vytila-COK,,,,
yescloud-5373-Koodarapilly,99381000014220070,4,596.64,704.00,,INR,Vytila-COK,,,,
yescloud-5374-STAR OIL MILL,99381000014235029,1,149.16,176.00,,INR,Vytila-COK,,,,
yescloud-5375-SASS STORE,99381000014231158,1,149.16,176.00,,INR,Vytila-COK,,,,
yescloud-5376-THANKAM SATORE,99381000014230918,1,149.16,176.00,,INR,Vytila-COK,,,,
yescloud-5377-MOMS MINISUPERMARKET,99381000014257002,1,149.16,176.00,,INR,Vytila-COK,,,,
yescloud-5385-Bobs Retail,99381000014247221,4,596.64,704.00,,INR,Vytila-COK,,,,
yescloud-5390-Friends chicken,99381000014290027,1,149.16,176.00,,INR,Vytila-COK,,,,
yescloud-5393-CU'S STORE,99381000014315027,3,447.48,528.00,,INR,Vytila-COK,,,,
yescloud-5395-Devi Vegitables,99381000014324027,1,149.16,176.00,,INR,Vytila-COK,,,,
yescloud-5399-BINU ROCKY,99381000014395001,2,298.32,352.00,,INR,Vytila-COK,,,,
yescloud-540-4U Supermart,99381000010196172,2,298.32,352.00,,INR,Vytila-COK,,,,
yescloud-5400-TRILOK ENTERPRISES,99381000014400048,1,149.16,176.00,,INR,Vytila-COK,,,,
yescloud-5401-Book my veg,99381000015757002,1,149.16,176.00,,INR,Vytila-COK,,,,
yescloud-5412-AMAL STORES,99381000014486002,2,298.32,352.00,,INR,Vytila-COK,,,,
yescloud-5414-KWALITY SUPER MARKET,99381000016129002,1,149.16,176.00,,INR,Vytila-COK,,,,
yescloud-5420-A One Superbazar,99381000014502080,2,1648.32,1945.00,,INR,Vytila-COK,,,,
yescloud-5424-NANDHA CHICKEN,99381000016620019,1,1499.16,1769.00,,INR,Vytila-COK,,,,
yescloud-5436-Bunnies,99381000014635002,2,298.32,352.00,,INR,Vytila-COK,,,,
yescloud-5443-JUICE MASTER,99381000014676002,1,149.16,176.00,,INR,Vytila-COK,,,,
yescloud-5449-Charlees Kitchen,99381000014687028,1,149.16,176.00,,INR,Vytila-COK,,,,
yescloud-5456-Grow More,99381000014671144,1,149.16,176.00,,INR,Vytila-COK,,,,
yescloud-5462-sulabha,99381000014771086,1,149.16,176.00,,INR,Vytila-COK,,,,
yescloud-5466-Family Supermarket,99381000014787055,1,149.16,176.00,,INR,Vytila-COK,,,,
yescloud-5468-Bhawani Masala,99381000015601028,1,149.16,176.00,,INR,Vytila-COK,,,,
yescloud-5480-milmaparlor,99381000014946027,1,149.16,176.00,,INR,Vytila-COK,,,,
yescloud-5498-A.R FRUITS AND DRY FRUITS,99381000015750052,2,298.32,352.00,,INR,Vytila-COK,,,,
yescloud-5504-VAYALAR SEA FOOD,99381000015173355,1,149.16,176.00,,INR,Vytila-COK,,,,
yescloud-5506-KT FRESH MART,99381000015180068,2,298.32,352.00,,INR,Vytila-COK,,,,
yescloud-5507-Halal Chicken Center,99381000015217095,2,298.32,352.00,,INR,Vytila-COK,,,,
yescloud-5508-Halal Chicken Center,99381000015214059,2,298.32,352.00,,INR,Vytila-COK,,,,
yescloud-5510-Naveen Raj Fruit Stall,99381000015224001,1,149.16,176.00,,INR,Vytila-COK,,,,
yescloud-5514-kairali,99381000015322001,1,149.16,176.00,,INR,Vytila-COK,,,,
yescloud-5518-Bhardwaj's Organic Food,99381000015580029,1,249.16,294.00,,INR,Vytila-COK,,,,
yescloud-5519-VEG MART,99381000015338089,1,149.16,176.00,,INR,Vytila-COK,,,,
yescloud-5523-THOMSON PORK STALL,99381000015393002,1,149.16,176.00,,INR,Vytila-COK,,,,
yescloud-5525-Taaza,99381000015415002,1,149.16,176.00,,INR,Vytila-COK,,,,
yescloud-5526-Nilan_different_fruits,99381000015875002,1,1499.16,1769.00,,INR,Vytila-COK,,,,
yescloud-5531-SSBSTORE,99381000016276029,1,149.16,176.00,,INR,Vytila-COK,,,,
yescloud-5533-NATIONAL HOTEL,99381000015473001,1,149.16,176.00,,INR,Vytila-COK,,,,
yescloud-5539-NICE BAKERY,99381000015466222,1,149.16,176.00,,INR,Vytila-COK,,,,
yescloud-5544-pastry paradise,99381000015657980,1,149.16,176.00,,INR,Vytila-COK,,,,
yescloud-5549-MUNAMBAM CHAKARA,99381000015687002,1,149.16,176.00,,INR,Vytila-COK,,,,
yescloud-5552-DAILY FRESH,99381000015701002,1,149.16,176.00,,INR,Vytila-COK,,,,
yescloud-5566-GRO MORE,99381000015783070,2,298.32,352.00,,INR,Vytila-COK,,,,
yescloud-566-NAS,99381000014260001,1,149.16,176.00,,INR,Vytila-COK,,,,
yescloud-590-GLOBAL MARGIN FREE MARKET,99381000005475228,1,149.16,176.00,,INR,Vytila-COK,,,,
yescloud-621-KAVATTU SUPERMARKET,99381000010774154,3,447.48,528.00,,INR,Vytila-COK,,,,
yescloud-655-Bee mart,99381000010182206,4,596.64,704.00,,INR,Vytila-COK,,,,
yescloud-680-Green Life Nature Shop,99381000005931002,4,596.64,704.00,,INR,Vytila-COK,,,,
yescloud-705-New Grand supermarket,99381000014500025,1,149.16,176.00,,INR,Vytila-COK,,,,
yescloud-782-ANTO,99381000011478002,3,897.48,1059.00,,INR,Vytila-COK,,,,
yescloud-910-ARP FRESH VEGITABLES,99381000016327016,1,1499.16,1769.00,,INR,Vytila-COK,,,,
yescloud-936-VITAMIN PALACE,99381000006131017,4,596.64,704.00,,INR,Vytila-COK,,,,
yescloud-96-MKM AVIL MILLS,99381000016361155,1,149.16,176.00,,INR,Vytila-COK,,,,
YESWEIGH SOLUTIONS LLP,99381000003493071,17,114084.88,134620.00,,INR,"Cochin,Vytila-COK",Kerala,671315,Kerala,671322
Yesweigh System,99381000012393221,4,762.60,900.00,,INR,Vytila-COK,Kerala,670004,Kerala,670004
Yogi Electronics Weighing Scale,99381000007246189,1,61000.00,71980.00,,INR,Cochin,Haryana,126112,Haryana,132001
Z A KATA WALA,99381000013529175,5,38410.20,45324.00,,INR,"Cochin,Vytila-COK",Uttar Pradesh,226022,Uttar Pradesh,226022
